34534, 34534, 345345,3 3453453, 34543534, 534
34534, 34534, 345345,3 3453453, 34543534, 534
34534, 34534, 345345,3 3453453, 34543534, 534
34534, 34534, 345345,3 3453453, 34543534, 534
34534, 34534, 345345,3 3453453, 34543534, 534
34534, 34534, 345345,3 3453453, 34543534, 534
34534, 34534, 345345,3 3453453, 34543534, 534
34534, 34534, 345345,3 3453453, 34543534, 534
34534, 34534, 345345,3 3453453, 34543534, 534
34534, 34534, 345345,3 3453453, 34543534, 534
34534, 34534, 345345,3 3453453, 34543534, 534
34534, 34534, 345345,3 3453453, 34543534, 534
34534, 34534, 345345,3 3453453, 34543534, 534
34534, 34534, 345345,3 3453453, 34543534, 534
34534, 34534, 345345,3 3453453, 34543534, 534
34534, 34534, 345345,3 3453453, 34543534, 534
34534, 34534, 345345,3 3453453, 34543534, 534
